subreddit,nature
15minutefood,Healthy
52weeksofcooking,Healthy
7dollardinners,Healthy
airfryer,Neutral
appetizers,Neutral
asiancooking,Neutral
asianeats,Neutral
AskCulinary,Neutral
AskFoodHistorian,Neutral
Bachelorchef,Healthy
BBQ,Unhealthy
Bento,Healthy
Breadit,Neutral
Breakfast,Neutral
budgetcooking,Healthy
burgers,Unhealthy
Canning,Neutral
charcoal,Unhealthy
Charcuterie,Unhealthy
Cheese,Neutral
cheesemaking,Neutral
Chefit,Healthy
chinesefood,Neutral
Cooking,Neutral
cookingcollaboration,Healthy
CookingForOne,Healthy
cookingtonight,Healthy
cookingvideos,Neutral
CulinaryPlating,Neutral
CulinaryPorn,Neutral
Curry,Neutral
dailycheese,Neutral
dinner,Neutral
Drunkencookery,Unhealthy
EatCheapAndHealthy,Healthy
eatsandwiches,Neutral
eatwraps,Neutral
fermentation,Healthy
filipinofood,Neutral
fitmeals,Healthy
food,Neutral
foodhacks,Neutral
FoodPorn,Neutral
foodtheory,Neutral
FoodVideos,Neutral
fromscratch,Healthy
FryupSausageBarrier,Neutral
GifRecipes,Neutral
grilling,Unhealthy
healthyeating,Healthy
HealthyFood,Healthy
HotPeppers,Neutral
hotsauce,Neutral
IndianFood,Neutral
instantpot,Healthy
Juicing,Healthy
KitchenConfidential,Neutral
KoreanFood,Neutral
MealPlanYourMacros,Healthy
mealprep,Healthy
MealPrepSunday,Healthy
meat,Neutral
MeatlessMealPrep,Healthy
minimeals,Neutral
onepotmeals,Neutral
pasta,Neutral
pho,Neutral
Pizza,Unhealthy
PressureCooking,Healthy
PutAnEggOnIt,Neutral
ramen,Neutral
recipes,Healthy
salads,Healthy
SalsaSnobs,Healthy
Seafood,Neutral
seriouseats,Healthy
slackerrecipes,Neutral
slowcooking,Healthy
smoking,Unhealthy
soup,Healthy
Sourdough,Neutral
sousvide,Neutral
spicy,Neutral
steak,Neutral
studentfood,Neutral
sushi,Neutral
tacos,Unhealthy
TastyFood,Neutral
TheHighChef,Unhealthy
tonightsdinner,Healthy
trailmeals,Neutral
veganrecipes,Healthy
vegetarian,Healthy
vegetarianfoodporn,Healthy
WhatShouldICook,Neutral
